toc:
  - title: For Reviewers
    subfolderitems:
    - page: For first time synth developers
      url:  ./for_reviewers/for_first_timers.html
    - page: For experienced Sonic Pi/SuperCollider Developers
      url:  ./for_reviewers/for_developers.html
  - title: Chapter 1 - First beeps
    subfolderitems:
    - page: Introduction
      url:  ./chapter1/introduction.html
    - page:  Installing Supercollider
      url:  ./chapter1/installing_supercollider.html
    - page: First beep in SuperCollider
      url:  ./chapter1/first_beep_in_supercollider.html
    - page: First synth in Sonic Pi
      url:  ./chapter1/first_synth_in_sonic_pi.html
    - page: Setting up Sonic Pi from source
      url:  ./chapter1/setting_up.html
  - title: Chapter 2 - Existing synths in Sonic Pi
    subfolderitems:
    - page: All the synths
      url:  ./chapter2/the_synths.html
    - page: How synths are currently defined and invoked (Part 1 Overtone)
      url:  ./chapter2/overtone_synths.html
    - page: How synths are currently defined and invoked (Part 2 SuperCollider)
      url:  ./chapter2/supercollider_synths.html
  - title: Chapter 3 - Deep dive
    subfolderitems:
    - page: Deep dive
      url:  ./chapter3/deep_dive.html
    - page: Investigating Sonic Pi and error messages
      url:  ./chapter3/investigating_sonic_pi_and_error_messages.html
    - page: Loggin, loggin, loggin
      url:  ./chapter3/loggin_loggin_loggin.html
    - page: How synthdefs are loaded
      url:  ./chapter3/how_synthdefs_are_loaded.html
    - page: How load_synthdefs works
      url:  ./chapter3/how_load_synthdefs_works.html
    - page: How SonicPi plays synths
      url:  ./chapter3/how_sonic_pi_plays_synths.html
  - title: Chapter 4 - The world of built-in synths
    subfolderitems:
    - page: How built in synths are defined in Sonic Pi
      url:  ./chapter4/how_built_in_synths_are_defined_in_Sonic_Pi.html
    - page: The synth beep
      url:  ./chapter4/the_synth_beep.html
  - title: Chapter 5 - Recreating the beep synth
    subfolderitems:
    - page: Planning our new synth
      url:  ./chapter5/planning_our_new_synth.html
    - page: The development cycle
      url:  ./chapter5/the_development_cycle.html
    - page: Compile errors
      url:  ./chapter5/compile_errors.html
    - page: Understanding UGens, channels, mixing and panning
      url:  ./chapter5/ugens_channels_mixing_and_panning.html
    - page: My Second Synth (SuperCollider)
      url:  ./chapter5/mysecondsynth_supercollider.html
    - page: My Second Synth (Ruby)
      url:  ./chapter5/mysecondsynth_ruby.html
    - page: My Second Synth (Sonic Pi)
      url:  ./chapter5/mysecondsynth_sonic_pi.html
    - page: My Third Synth (SuperCollider)
      url:  ./chapter5/mythirdsynth_supercollider.html
    - page: My Fourth And Final Synth (SuperCollider)
      url:  ./chapter5/myfourthsynth_supercollider.html
    - page: Moar UGen stuff
      url:  ./chapter5/moar_ugen_stuff.html
    - page: Funky stuff part uno - variables
      url:  ./chapter5/funky_stuff_part_uno_variables.html
  - title: Chapter 6 - What's next
    subfolderitems:
    - page: What's next
      url:  ./chapter6/whats_next.html
